
{
    "doctors": [
      { "id": 1, "name": "Dr. Rajesh Kumar", "expertise": "Cardiology", "city": "Mumbai" },
      { "id": 2, "name": "Dr. Priya Sharma", "expertise": "Orthopedics", "city": "Delhi" },
      { "id": 3, "name": "Dr. Suresh Patel", "expertise": "Dermatology", "city": "Ahmedabad" },
      { "id": 4, "name": "Dr. Nandini Reddy", "expertise": "Neurology", "city": "Bangalore" },
      { "id": 5, "name": "Dr. Rahul Verma", "expertise": "Pediatrics", "city": "Chennai" },
      { "id": 6, "name": "Dr. Aarav Sharma", "expertise": "Cardiology", "city": "Mumbai" },
    { "id": 7, "name": "Dr. Ananya Gupta", "expertise": "Orthopedics", "city": "Delhi" },
    { "id": 8, "name": "Dr. Sahil Patel", "expertise": "Dermatology", "city": "Ahmedabad" },
    { "id": 9, "name": "Dr. Naina Reddy", "expertise": "Neurology", "city": "Bangalore" },
    { "id": 10, "name": "Dr. Rohit Verma", "expertise": "Pediatrics", "city": "Chennai" },
    { "id": 11, "name": "Dr. Anushka Singh", "expertise": "Ophthalmology", "city": "Kolkata" },
    { "id": 12, "name": "Dr. Yuvraj Mehta", "expertise": "ENT", "city": "Pune" },
    { "id": 13, "name": "Dr. Jhanvi Kapoor", "expertise": "Dentistry", "city": "Jaipur" },
    { "id": 14, "name": "Dr. Kabir Kumar", "expertise": "Psychiatry", "city": "Hyderabad" },
    { "id": 15, "name": "Dr. Riya Sharma", "expertise": "Gynecology", "city": "Lucknow" },
    { "id": 100, "name": "Dr. Ananya Singh", "expertise": "Ophthalmology", "city": "Kolkata" },
    { "id": 101, "name": "Dr. Arjun Kapoor", "expertise": "Cardiac Surgery", "city": "Coimbatore" },
    { "id": 102, "name": "Dr. Kavya Sharma", "expertise": "Endocrinology", "city": "Bhopal" },
    { "id": 103, "name": "Dr. Ayush Reddy", "expertise": "Urology", "city": "Indore" },
    { "id": 104, "name": "Dr. Sanjana Mehta", "expertise": "Plastic Surgery", "city": "Chandigarh" },
    { "id": 105, "name": "Dr. Aditya Singh", "expertise": "Gastroenterology", "city": "Surat" },
    { "id": 106, "name": "Dr. Aanya Patel", "expertise": "Rheumatology", "city": "Vadodara" },
    { "id": 107, "name": "Dr. Varun Sharma", "expertise": "Nephrology", "city": "Ludhiana" },
    { "id": 108, "name": "Dr. Riya Kapoor", "expertise": "Neonatology", "city": "Agra" },
    { "id": 109, "name": "Dr. Rishabh Verma", "expertise": "Oncology", "city": "Kanpur" },
    { "id": 110, "name": "Dr. Khushi Mehta", "expertise": "Dermatopathology", "city": "Amritsar" },
    { "id": 111, "name": "Dr. Aarav Kapoor", "expertise": "Pediatric Surgery", "city": "Nashik" },
    { "id": 112, "name": "Dr. Anika Singh", "expertise": "Geriatrics", "city": "Visakhapatnam" },
    { "id": 113, "name": "Dr. Aaradhya Mehta", "expertise": "Allergy & Immunology", "city": "Thane" },
    { "id": 114, "name": "Dr. Arnav Reddy", "expertise": "Hematology", "city": "Patna" },
    { "id": 115, "name": "Dr. Avni Patel", "expertise": "Vascular Surgery", "city": "Faridabad" },
    { "id": 116, "name": "Dr. Advait Sharma", "expertise": "Infectious Disease", "city": "Madurai" },
    { "id": 117, "name": "Dr. Anvi Kapoor", "expertise": "Colorectal Surgery", "city": "Raipur" },
    { "id": 118, "name": "Dr. Kabir Verma", "expertise": "Orthopedic Surgery", "city": "Jabalpur" },
    { "id": 119, "name": "Dr. Saanvi Singh", "expertise": "Rheumatoid Arthritis", "city": "Howrah" },
    { "id": 120, "name": "Dr. Arush Mehta", "expertise": "Hepatology", "city": "Rajkot" },
    { "id": 121, "name": "Dr. Aditi Sharma", "expertise": "Cardiothoracic Surgery", "city": "Gurgaon" },
    { "id": 122, "name": "Dr. Arnav Singh", "expertise": "Nuclear Medicine", "city": "Noida" },
    { "id": 123, "name": "Dr. Anushka Patel", "expertise": "Neuropathology", "city": "Coimbatore" },
    { "id": 124, "name": "Dr. Advait Mehta", "expertise": "Pediatric Neurology", "city": "Bhubaneswar" },
    { "id": 125, "name": "Dr. Aarya Kapoor", "expertise": "Thoracic Surgery", "city": "Thiruvananthapuram" },
    { "id": 126, "name": "Dr. Khushi Verma", "expertise": "Hematopathology", "city": "Guwahati" },
    { "id": 127, "name": "Dr. Aarav Patel", "expertise": "Sleep Medicine", "city": "Dehradun" },
    { "id": 128, "name": "Dr. Anvi Mehta", "expertise": "Rheumatoid Arthritis", "city": "Jodhpur" },
    { "id": 129, "name": "Dr. Kunal Sharma", "expertise": "Geriatric Psychiatry", "city": "Kochi" },
    { "id": 130, "name": "Dr. Sanjana Kapoor", "expertise": "Clinical Neurophysiology", "city": "Kota" },
    { "id": 131, "name": "Dr. Kabir Mehta", "expertise": "Oral and Maxillofacial Surgery", "city": "Ajmer" },
    { "id": 132, "name": "Dr. Riya Singh", "expertise": "Orthopedic Oncology", "city": "Varanasi" },
    { "id": 133, "name": "Dr. Arya Verma", "expertise": "Neurointerventional Surgery", "city": "Hisar" },
    { "id": 134, "name": "Dr. Aanya Mehta", "expertise": "Nephrology", "city": "Srinagar" },
    { "id": 135, "name": "Dr. Advait Verma", "expertise": "Orthopedic Trauma", "city": "Gulbarga" },
    { "id": 136, "name": "Dr. Ananya Sharma", "expertise": "Vascular Neurology", "city": "Gwalior" },
    { "id": 137, "name": "Dr. Yuvan Patel", "expertise": "Diagnostic Radiology", "city": "Dhanbad" },
    { "id": 138, "name": "Dr. Aaradhya Singh", "expertise": "Neurological Surgery", "city": "Allahabad" },
    { "id": 139, "name": "Dr. Advika Mehta", "expertise": "Reproductive Endocrinology", "city": "Amravati" },
    { "id": 140, "name": "Dr. Arush Singh", "expertise": "Critical Care Medicine", "city": "Ranchi" },
    { "id": 141, "name": "Dr. Aisha Kapoor", "expertise": "Geriatric Medicine", "city": "Bhilai" },
    { "id": 142, "name": "Dr. Yuvan Singh", "expertise": "Interventional Cardiology", "city": "Aligarh" },
    { "id": 143, "name": "Dr. Aditi Mehta", "expertise": "Neurodevelopmental Disabilities", "city": "Bathinda" },
    { "id": 144, "name": "Dr. Arjun Sharma", "expertise": "Pulmonary Disease", "city": "Tirupur" },
    { "id": 145, "name": "Dr. Ananya Mehta", "expertise": "Clinical Biochemical Genetics", "city": "Raichur" },
    { "id": 146, "name": "Dr. Advait Kapoor", "expertise": "Pediatric Radiology", "city": "Haridwar" },
    { "id": 147, "name": "Dr. Aarya Singh", "expertise": "Psychosomatic Medicine", "city": "Agartala" },
    { "id": 148, "name": "Dr. Aarav Mehta", "expertise": "Vascular Medicine", "city": "Nagapattinam" },
    { "id": 149, "name": "Dr. Anika Verma", "expertise": "Neuroimmunology", "city": "Kollam" },
    { "id": 150, "name": "Dr. Avni Patel", "expertise": "Gynecologic Oncology", "city": "Jamnagar" }
 
    ]
  }
  